id,zeit,x,y,z
1,2026/01/31,-58.784648,0.938573,6.648557
